Workbook
Name Currency: 'Factset Information'!$C$7
Name End_Date: 'Factset Information'!$E$7
Name Identifier: 'Factset Information'!$C$6
Name Start_Date: 'Factset Information'!$E$6

Sheet __FDSCACHE__
B1: This sheet contains FactSet XML data for use with this workbook's =FDS codes. Modifying the worksheet's contents may damage the workbook's =FDS functionality.

Sheet DDM
A2: Dividend Discount Model | H2: Years in Growth Rate Average | J2: =COUNT(D6:D14) -> 9
A3: Company XYZ | H3: Growth (g) | J3: =AVERAGE(D5:D14) -> 0.064541964
A4: Year | B4: Quarterly Dividend | C4: Annual Dividend | D4: Growth Rate | H4: Required Return ® | J4: 0.09
A5: 2024 | B5: 0.42 | C5: =B5*4 -> 1.68 | D5: =(C5-C6)/C6 -> 0.076923077
A6: 2023 | B6: 0.39 | C6: =B6*4 -> 1.56 | D6: =(C6-C7)/C7 -> 0.068493151 | H6: Actual Price | J6: 45.71
A7: 2022 | B7: 0.365 | C7: =B7*4 -> 1.46 | D7: =(C7-C8)/C8 -> 0.050359712
A8: 2021 | B8: 0.3475 | C8: =B8*4 -> 1.39 | D8: =(C8-C9)/C9 -> 0.053030303 | H8: DDM Price | J8: =C7/(J4-J3) -> 57.34928 | K8: price= (D1/(r-g) | M8: Price= D0*(1+g)/(r-g)
A9: 2020 | B9: 0.33 | C9: =B9*4 -> 1.32 | D9: =(C9-C10)/C10 -> 0.047619048 | H9: Overvalued or Undervalued | J9: =IF(J8>J6,"Undervalued","Overvalued") -> Undervalued
A10: 2019 | B10: 0.315 | C10: =B10*4 -> 1.26 | D10: =(C10-C11)/C11 -> 0.05
A11: 2018 | B11: 0.3 | C11: =B11*4 -> 1.2 | D11: =(C11-C12)/C12 -> 0.10091743
A12: 2017 | B12: 0.2725 | C12: =B12*4 -> 1.09 | D12: =(C12-C13)/C13 -> 0.048076923
A13: 2016 | B13: 0.26 | C13: =B13*4 -> 1.04 | D13: =(C13-C14)/C14 -> 0.083333333
A14: 2015 | B14: 0.24 | C14: =B14*4 -> 0.96 | D14: =(C14-C15)/C15 -> 0.066666667
B15: 0.23 | C15: 0.9
A18: Steps:
A19: 1 | B19: Find the Annualized Dividend
A20: 2 | B20: Calulate the year -over -year dividend growth rate
A21: 3 | B21: Find the overall growth rate (g) by taking a nine year average
A22: 4 | B22: Using a required return of 9.00% - Determine the DDM instrinsic value?
A23: 5 | B23: Is company XYZ under or over valued if the current market price is $45.71

Sheet JNJ
A3: Year | B3: 2018 | C3: 2019 | D3: 2020 | E3: 2021 | F3: 2022
A4: QtrlyDividend Payout | B4: 0.9 | C4: 0.95 | D4: 1.01 | E4: 1.06 | F4: 1.13
A5: Yearly Dividend | B5: =B4*4 -> 3.6 | C5: =C4*4 -> 3.8 | D5: =D4*4 -> 4.04 | E5: =E4*4 -> 4.24 | F5: =F4*4 -> 4.52
A6: Growth | C6: =(C5-B5)/B5 -> 0.055555556 | D6: =(D5-C5)/C5 -> 0.063157895 | E6: =(E5-D5)/D5 -> 0.04950495 | F6: =(F5-E5)/E5 -> 0.066037736
A22: Year | B22: QtrlyDividend Payout | C22: Yearly Dividend | D22: Growth
A23: 2022 | B23: 1.13 | C23: =B23*4 -> 4.52 | D23: =(C23-C24)/C24 -> 0.066037736
A24: 2021 | B24: 1.06 | C24: =B24*4 -> 4.24 | D24: =(C24-C25)/C25 -> 0.04950495
A25: 2020 | B25: 1.01 | C25: =B25*4 -> 4.04 | D25: =(C25-C26)/C26 -> 0.063157895
A26: 2019 | B26: 0.95 | C26: =B26*4 -> 3.8 | D26: =(C26-C27)/C27 -> 0.055555556
A27: 2018 | B27: 0.9 | C27: =B27*4 -> 3.6
A29: Average Growth | B29: =AVERAGE(D23:D26) -> 0.058564034
A30: Expected Growth (g) | B30: 0.055
A31: Discount Rate -r | B31: 0.08
A33: Instrinsic Value | B33: =F5*(1+B30)/(B31-B30) -> 190.744
A34: Current Price | B34: 155.97
A36: Upside $$ | B36: =B33-B34 -> 34.774
A37: Upside % | B37: =B33/B34-1 -> 0.22295313

Sheet Linked DDM
A2: Dividend Discount Model | J2: 9 yrs | K2: 5yr | L2: 3yr
A3: ='Factset Information'!B2 -> Distributed Dividend for Caterpillar Inc. (CAT) | H3: Growth (g) - Average | J3: =AVERAGE(D5:D13) -> #REF! | K3: =AVERAGE(D5:D9) -> #REF! | L3: =AVERAGE(D5:D7) -> #REF!
A4: Year | B4: Quarterly Dividend | C4: Annual Dividend | D4: Growth Rate | H4: Required Return ® | J4: 0.09 | K4: 0.09 | L4: 0.09
A5: 2024 | B5: =B19 -> #REF! | C5: =B5*4 -> #REF! | D5: =(C5-C6)/C6 -> #REF!
A6: 2023 | B6: =B20 -> #REF! | C6: =B6*4 -> #REF! | D6: =(C6-C7)/C7 -> #REF! | H6: Actual Price | J6: 343.95 | K6: 343.95 | L6: 343.95
A7: 2022 | B7: =B21 -> #REF! | C7: =B7*4 -> #REF! | D7: =(C7-C8)/C8 -> #REF!
A8: 2021 | B8: =B22 -> #REF! | C8: =B8*4 -> #REF! | D8: =(C8-C9)/C9 -> #REF! | H8: DDM Price | J8: =($C$5*(1+J3))/(J4-J3) -> #REF! | K8: =($C$5*(1+K3))/(K4-K3) -> #REF! | L8: =($C$5*(1+L3))/(L4-L3) -> #REF! | N8: price= (D1/(r-g)
A9: 2020 | B9: =B23 -> #REF! | C9: =B9*4 -> #REF! | D9: =(C9-C10)/C10 -> #REF! | H9: Overvalued or Undervalued | J9: =IF(J8>J6,"Undervalued","Overvalued") -> #REF! | K9: =IF(K8>K6,"Undervalued","Overvalued") -> #REF! | L9: =IF(L8>L6,"Undervalued","Overvalued") -> #REF!
A10: 2019 | B10: =B24 -> #REF! | C10: =B10*4 -> #REF! | D10: =(C10-C11)/C11 -> #REF!
A11: 2018 | B11: =B25 -> #REF! | C11: =B11*4 -> #REF! | D11: =(C11-C12)/C12 -> #REF!
A12: 2017 | B12: =B26 -> #REF! | C12: =B12*4 -> #REF! | D12: =(C12-C13)/C13 -> #REF!
A13: 2016 | B13: =B27 -> #REF! | C13: =B13*4 -> #REF!
A17: Linked Dividend From FactSet
A18: ='Factset Information'!B2 -> Distributed Dividend for Caterpillar Inc. (CAT)
A19: ='Factset Information'!J5 -> 0 | B19: =GETPIVOTDATA("Dividend Amount",'Factset Information'!$J$3,"Quarters (Ex Date)",4,"Years (Ex Date)",A19) -> #REF! | C19: =GETPIVOTDATA("Dividend Amount",'Factset Information'!$J$3,"Years (Ex Date)",A19) -> #REF! | D19: =(C19-C20)/C20 -> #REF!
A20: ='Factset Information'!J6 -> 0 | B20: =GETPIVOTDATA("Dividend Amount",'Factset Information'!$J$3,"Quarters (Ex Date)",4,"Years (Ex Date)",A20) -> #REF! | C20: =GETPIVOTDATA("Dividend Amount",'Factset Information'!$J$3,"Years (Ex Date)",A20) -> #REF! | D20: =(C20-C21)/C21 -> #REF! | I20: Year | J20: QtrlyDividend Payout | K20: Yearly Dividend | L20: Growth
A21: ='Factset Information'!J7 -> 0 | B21: =GETPIVOTDATA("Dividend Amount",'Factset Information'!$J$3,"Quarters (Ex Date)",4,"Years (Ex Date)",A21) -> #REF! | C21: =GETPIVOTDATA("Dividend Amount",'Factset Information'!$J$3,"Years (Ex Date)",A21) -> #REF! | D21: =(C21-C22)/C22 -> #REF! | I21: 2022 | J21: 1.13 | K21: =J21*4 -> 4.52 | L21: =(K21-K22)/K22 -> 0.066037736
A22: ='Factset Information'!J8 -> 0 | B22: =GETPIVOTDATA("Dividend Amount",'Factset Information'!$J$3,"Quarters (Ex Date)",4,"Years (Ex Date)",A22) -> #REF! | C22: =GETPIVOTDATA("Dividend Amount",'Factset Information'!$J$3,"Years (Ex Date)",A22) -> #REF! | D22: =(C22-C23)/C23 -> #REF! | I22: 2021 | J22: 1.06 | K22: =J22*4 -> 4.24 | L22: =(K22-K23)/K23 -> 0.04950495
A23: ='Factset Information'!J9 -> 0 | B23: =GETPIVOTDATA("Dividend Amount",'Factset Information'!$J$3,"Quarters (Ex Date)",4,"Years (Ex Date)",A23) -> #REF! | C23: =GETPIVOTDATA("Dividend Amount",'Factset Information'!$J$3,"Years (Ex Date)",A23) -> #REF! | D23: =(C23-C24)/C24 -> #REF! | I23: 2020 | J23: 1.01 | K23: =J23*4 -> 4.04 | L23: =(K23-K24)/K24 -> 0.063157895
A24: ='Factset Information'!J10 -> Groupby Function | B24: =GETPIVOTDATA("Dividend Amount",'Factset Information'!$J$3,"Quarters (Ex Date)",4,"Years (Ex Date)",A24) -> #REF! | C24: =GETPIVOTDATA("Dividend Amount",'Factset Information'!$J$3,"Years (Ex Date)",A24) -> #REF! | D24: =(C24-C25)/C25 -> #REF! | I24: 2019 | J24: 0.95 | K24: =J24*4 -> 3.8 | L24: =(K24-K25)/K25 -> 0.055555556
A25: ='Factset Information'!J11 -> #VALUE! | B25: =GETPIVOTDATA("Dividend Amount",'Factset Information'!$J$3,"Quarters (Ex Date)",4,"Years (Ex Date)",A25) -> #REF! | C25: =GETPIVOTDATA("Dividend Amount",'Factset Information'!$J$3,"Years (Ex Date)",A25) -> #REF! | D25: =(C25-C26)/C26 -> #REF! | I25: 2018 | J25: 0.9 | K25: =J25*4 -> 3.6
A26: ='Factset Information'!J12 -> 2025 | B26: =GETPIVOTDATA("Dividend Amount",'Factset Information'!$J$3,"Quarters (Ex Date)",4,"Years (Ex Date)",A26) -> #REF! | C26: =GETPIVOTDATA("Dividend Amount",'Factset Information'!$J$3,"Years (Ex Date)",A26) -> #REF! | D26: =(C26-C27)/C27 -> #REF!
A27: ='Factset Information'!J13 -> 2024 | B27: =GETPIVOTDATA("Dividend Amount",'Factset Information'!$J$3,"Quarters (Ex Date)",4,"Years (Ex Date)",A27) -> #REF! | C27: =GETPIVOTDATA("Dividend Amount",'Factset Information'!$J$3,"Years (Ex Date)",A27) -> #REF!

Sheet Factset Information
E1: =IF(LEN(F1)>0,"Next rpt date: ","") -> Next rpt date: | F1: {=_xll.FDSB(Identifier,"CS_EVENT_DATEJ_N(""ER"",1)")} -> 45771 | G1: Last Refresh: | H1: {=_xll.FDSB("dummy","julian(today)")} -> 45722
B2: ="Distributed Dividend for "& _xll.FDSC("-",C6,"FG_COMPANY_NAME")&" ("&UPPER(C6)&")" -> Distributed Dividend for Caterpillar Inc. (CAT)
B4: Input
B6: Identifier | C6: cat | D6: Start Date | E6: -10FY | F6: Exclude Special Dividend | G6: Yes | H6: =IF(G6="Yes","EXCL_SPEC_DIV","") -> EXCL_SPEC_DIV
B7: Currency | C7: Local | D7: End Date | F7: Split | G7: Not Split Adjusted | H7: =IF(G7="Split Adjusted","SPLIT","UNSPLIT") -> UNSPLIT
B10: Ex Date | C10: Dividend Amount | D10: Pay Date | E10: Record Date | F10: Dividend Type | J10: Groupby Function | M10: Pivotby Function
B11: {=_xll.FDSC("",Identifier,"Julian(FCA_EVENT_DATE_R("&End_Date&","&Start_Date&",,""CASH_DIST"",""EXDATE"",,,'"&$H$6&"'))")} -> 45678 | C11: {=_xll.FDSC("",Identifier,"FCA_EVENT_AMOUNT_R("&End_Date&","&Start_Date&",,"&Currency&",""CASH_DIST"",""AMT_DEF"",,"&$H$7&",,'"&$H$6&"')")} -> 1.41 | D11: {=_xll.FDSC("",Identifier,"Julian(FCA_EVENT_DATE_R("&End_Date&","&Start_Date&",,""CASH_DIST"",""PAYDATE"",,,'"&$H$6&"'))")} -> 45708 | E11: {=_xll.FDSC("",Identifier,"JULIAN(FCA_EVENT_DATE_R("&End_Date&","&Start_Date&",,""CASH_DIST"",""RECDATE"",,,'"&$H$6&"'))")} -> 45678 | F11: {=_xll.FDSB(Identifier,"FCA_DIVIDEND_TYPE_R("&End_Date&","&Start_Date&",,""CASH_DIST"",""DIVTYPE_TEXT"",,'"&$H$6&"') ")} -> Ordinary | J11: {=_xlfn.GROUPBY(YEAR(B10:B60),C10:C60,_xleta.SUM,3,0,-1,C10:C60<>"")} -> #VALUE! | K11: Dividend Amount | M11: {=_xlfn.PIVOTBY(YEAR(B10:B60),F10:F60,C10:C60,_xleta.SUM,1,0,-1,0,,B10:B60<>"")} | N11: Ordinary
B12: 45586 | C12: 1.41 | D12: 45616 | E12: 45586 | F12: Ordinary | J12: 2025 | K12: 1.41 | M12: 2025 | N12: 1.41
B13: 45495 | C13: 1.41 | D13: 45524 | E13: 45495 | F13: Ordinary | J13: 2024 | K13: 5.42 | M13: 2024 | N13: 5.42
B14: 45401 | C14: 1.3 | D14: 45432 | E14: 45404 | F14: Ordinary | J14: 2023 | K14: 5 | M14: 2023 | N14: 5
B15: 45310 | C15: 1.3 | D15: 45342 | E15: 45313 | F15: Ordinary | J15: 2022 | K15: 4.62 | M15: 2022 | N15: 4.62
B16: 45219 | C16: 1.3 | D16: 45250 | E16: 45222 | F16: Ordinary | J16: 2021 | K16: 4.28 | M16: 2021 | N16: 4.28
B17: 45126 | C17: 1.3 | D17: 45156 | E17: 45127 | F17: Ordinary | J17: 2020 | K17: 4.12 | M17: 2020 | N17: 4.12
B18: 45037 | C18: 1.2 | D18: 45065 | E18: 45040 | F18: Ordinary | J18: 2019 | K18: 3.78 | M18: 2019 | N18: 3.78
B19: 44945 | C19: 1.2 | D19: 44974 | E19: 44946 | F19: Ordinary | J19: 2018 | K19: 3.28 | M19: 2018 | N19: 3.28
B20: 44855 | C20: 1.2 | D20: 44883 | E20: 44858 | F20: Ordinary | J20: 2017 | K20: 3.1 | M20: 2017 | N20: 3.1
B21: 44761 | C21: 1.2 | D21: 44792 | E21: 44762 | F21: Ordinary | J21: 2016 | K21: 3.08 | M21: 2016 | N21: 3.08
B22: 44673 | C22: 1.11 | D22: 44701 | E22: 44676 | F22: Ordinary | J22: 2015 | K22: 2.94 | M22: 2015 | N22: 2.94
B23: 44580 | C23: 1.11 | D23: 44610 | E23: 44581 | F23: Ordinary
B24: 44491 | C24: 1.11 | D24: 44519 | E24: 44494 | F24: Ordinary
B25: 44396 | C25: 1.11 | D25: 44428 | E25: 44397 | F25: Ordinary
B26: 44309 | C26: 1.03 | D26: 44336 | E26: 44312 | F26: Ordinary
B27: 44215 | C27: 1.03 | D27: 44246 | E27: 44216 | F27: Ordinary
B28: 44127 | C28: 1.03 | D28: 44155 | E28: 44130 | F28: Ordinary
B29: 44029 | C29: 1.03 | D29: 44063 | E29: 44032 | F29: Ordinary
B30: 43938 | C30: 1.03 | D30: 43971 | E30: 43941 | F30: Ordinary
B31: 43847 | C31: 1.03 | D31: 43881 | E31: 43851 | F31: Ordinary
B32: 43756 | C32: 1.03 | D32: 43789 | E32: 43759 | F32: Ordinary
B33: 43665 | C33: 1.03 | D33: 43697 | E33: 43668 | F33: Ordinary
B34: 43573 | C34: 0.86 | D34: 43605 | E34: 43577 | F34: Ordinary
... B51: 42019 | C51: 0.7 | D51: 42055 | E51: 42024 | F51: Ordinary

Sheet Test
A1: Ex Date | B1: Dividend Amount | C1: Pay Date | D1: Record Date | E1: Dividend Type | H1: {=_xlfn.GROUPBY(YEAR(A:A),B:B,_xleta.SUM,3,0,-1,A:A<>"")} -> #VALUE! | I1: Dividend Amount | K1: {=_xlfn.PIVOTBY(YEAR(A2:A41),E2:E41,B2:B41,_xleta.SUM,,0,-1,0,,,)} | L1: Ordinary
A2: {=_xll.FDSC("",Identifier,"Julian(FCA_EVENT_DATE_R("&End_Date&","&Start_Date&",,""CASH_DIST"",""EXDATE"",,,'"&$H$6&"'))")} -> 45678 | B2: {=_xll.FDSC("",Identifier,"FCA_EVENT_AMOUNT_R("&End_Date&","&Start_Date&",,"&Currency&",""CASH_DIST"",""AMT_DEF"",,"&$H$7&",,'"&$H$6&"')")} -> 1.41 | C2: {=_xll.FDSC("",Identifier,"Julian(FCA_EVENT_DATE_R("&End_Date&","&Start_Date&",,""CASH_DIST"",""PAYDATE"",,,'"&$H$6&"'))")} -> 45708 | D2: {=_xll.FDSC("",Identifier,"JULIAN(FCA_EVENT_DATE_R("&End_Date&","&Start_Date&",,""CASH_DIST"",""RECDATE"",,,'"&$H$6&"'))")} -> 45678 | E2: {=_xll.FDSB(Identifier,"FCA_DIVIDEND_TYPE_R("&End_Date&","&Start_Date&",,""CASH_DIST"",""DIVTYPE_TEXT"",,'"&$H$6&"') ")} -> Ordinary | H2: 2025 | I2: 1.41 | K2: 2025 | L2: 1.41
A3: 45586 | B3: 1.41 | C3: 45616 | D3: 45586 | E3: Ordinary | H3: 2024 | I3: 5.42 | K3: 2024 | L3: 5.42
A4: 45495 | B4: 1.41 | C4: 45524 | D4: 45495 | E4: Ordinary | H4: 2023 | I4: 5 | K4: 2023 | L4: 5
A5: 45401 | B5: 1.3 | C5: 45432 | D5: 45404 | E5: Ordinary | H5: 2022 | I5: 4.62 | K5: 2022 | L5: 4.62
A6: 45310 | B6: 1.3 | C6: 45342 | D6: 45313 | E6: Ordinary | H6: 2021 | I6: 4.28 | K6: 2021 | L6: 4.28
A7: 45219 | B7: 1.3 | C7: 45250 | D7: 45222 | E7: Ordinary | H7: 2020 | I7: 4.12 | K7: 2020 | L7: 4.12
A8: 45126 | B8: 1.3 | C8: 45156 | D8: 45127 | E8: Ordinary | H8: 2019 | I8: 3.78 | K8: 2019 | L8: 3.78
A9: 45037 | B9: 1.2 | C9: 45065 | D9: 45040 | E9: Ordinary | H9: 2018 | I9: 3.28 | K9: 2018 | L9: 3.28
A10: 44945 | B10: 1.2 | C10: 44974 | D10: 44946 | E10: Ordinary | H10: 2017 | I10: 3.1 | K10: 2017 | L10: 3.1
A11: 44855 | B11: 1.2 | C11: 44883 | D11: 44858 | E11: Ordinary | H11: 2016 | I11: 3.08 | K11: 2016 | L11: 3.08
A12: 44761 | B12: 1.2 | C12: 44792 | D12: 44762 | E12: Ordinary | H12: 2015 | I12: 2.94 | K12: 2015 | L12: 2.24
A13: 44673 | B13: 1.11 | C13: 44701 | D13: 44676 | E13: Ordinary
A14: 44580 | B14: 1.11 | C14: 44610 | D14: 44581 | E14: Ordinary
A15: 44491 | B15: 1.11 | C15: 44519 | D15: 44494 | E15: Ordinary
A16: 44396 | B16: 1.11 | C16: 44428 | D16: 44397 | E16: Ordinary
A17: 44309 | B17: 1.03 | C17: 44336 | D17: 44312 | E17: Ordinary
A18: 44215 | B18: 1.03 | C18: 44246 | D18: 44216 | E18: Ordinary
A19: 44127 | B19: 1.03 | C19: 44155 | D19: 44130 | E19: Ordinary
A20: 44029 | B20: 1.03 | C20: 44063 | D20: 44032 | E20: Ordinary
A21: 43938 | B21: 1.03 | C21: 43971 | D21: 43941 | E21: Ordinary
A22: 43847 | B22: 1.03 | C22: 43881 | D22: 43851 | E22: Ordinary
A23: 43756 | B23: 1.03 | C23: 43789 | D23: 43759 | E23: Ordinary
A24: 43665 | B24: 1.03 | C24: 43697 | D24: 43668 | E24: Ordinary
... A42: 42019 | B42: 0.7 | C42: 42055 | D42: 42024 | E42: Ordinary
